,0
loading.Global->pim_industria_extrativa,0.0175619398114518
loading.Output->pim_industria_extrativa,-0.02390177181447985
loading.Global->pim_industria_transformacao,0.10308178613294881
loading.Output->pim_industria_transformacao,0.1410941686708988
loading.Global->pim_bens_capital,0.07596377411936193
loading.Output->pim_bens_capital,0.13836744556792963
loading.Global->pim_bens_intermediarios,0.08411112773820624
loading.Output->pim_bens_intermediarios,0.04945625317615893
loading.Global->pim_bens_consumo,0.10890552824327607
loading.Output->pim_bens_consumo,0.1422444921789163
loading.Global->pim_bens_duraveis,0.09011926577867448
loading.Output->pim_bens_duraveis,0.17105886750005914
loading.Global->pim_bens_semi_e_nao_duraveis,0.08848718162996988
loading.Output->pim_bens_semi_e_nao_duraveis,0.11913348421948752
loading.Global->pim_insumo_constr_civil,0.10976285679547221
loading.Output->pim_insumo_constr_civil,0.1598072441515985
loading.Global->cons_energ_comercial,0.046026226177999056
loading.Output->cons_energ_comercial,0.052017888713135264
loading.Global->cons_energ_residencial,0.042136139686802965
loading.Output->cons_energ_residencial,0.03843097576670413
loading.Global->cons_energ_industrial,0.06440587604195894
loading.Output->cons_energ_industrial,0.06060514453805414
loading.Global->cons_energ_outros,0.02578598553614779
loading.Output->cons_energ_outros,0.017000090180019
loading.Global->pmc_combustiveis,0.056748904011467614
loading.Output->pmc_combustiveis,0.10292857211069548
loading.Global->pmc_hiper_supermercados,0.01800948400341557
loading.Output->pmc_hiper_supermercados,-0.06837347704189126
loading.Global->pmc_vestuário,0.05147783427951195
loading.Output->pmc_vestuário,0.008164851929432275
loading.Global->pmc_moveis_eletrodomesticos,0.06353482612678012
loading.Output->pmc_moveis_eletrodomesticos,0.019831081598773108
loading.Global->pmc_automoveis,0.09959959606750743
loading.Output->pmc_automoveis,0.10252037549632599
loading.Global->pmc_farmaceuticos,0.0746972001487841
loading.Output->pmc_farmaceuticos,0.06412285092878167
loading.Global->pmc_livros_jornais,0.0352017921123195
loading.Output->pmc_livros_jornais,0.06158646707750128
loading.Global->pmc_eqp_material_escritorio,0.044703339287739056
loading.Output->pmc_eqp_material_escritorio,0.08587998172374409
loading.Global->pmc_outros_pessoal,0.053913437176959886
loading.Output->pmc_outros_pessoal,0.010928538283438805
loading.Global->pmc_material_construcao,0.10471999915835233
loading.Output->pmc_material_construcao,0.12398302858365003
loading.Global->pmc_comercio_ampliado,0.10986610517904724
loading.Output->pmc_comercio_ampliado,0.08484575713640807
loading.Global->ibcbr_agro,0.017757463330411317
loading.Output->ibcbr_agro,0.09030245239288748
loading.Global->ibcbr_ind,0.08169216474838607
loading.Output->ibcbr_ind,0.08000203541479446
loading.Global->ibcbr_servicos,0.07732846149809178
loading.Output->ibcbr_servicos,0.12807524395376896
loading.Global->icc_fecomercio,0.02224299240300872
loading.Sentiment->icc_fecomercio,-0.18351577014041873
loading.Global->icea_fecomercio,0.051067412744477125
loading.Sentiment->icea_fecomercio,-0.10105798529613208
loading.Global->ief_fecomercio,0.02553466384943413
loading.Sentiment->ief_fecomercio,-0.08175882931766726
loading.Global->ics_fgv,0.06635057320159925
loading.Sentiment->ics_fgv,-0.43946483539795766
loading.Global->isas_fgv,0.06120709613163825
loading.Sentiment->isas_fgv,-0.3808788887531783
loading.Global->ies_fgv,0.05648804861970336
loading.Sentiment->ies_fgv,-0.35218738608348776
loading.Global->caged_estoque_agro,-0.013985310676651057
loading.Employment->caged_estoque_agro,-0.1555676574471425
loading.Global->caged_estoque_ind_extrativa,0.010038882809807923
loading.Employment->caged_estoque_ind_extrativa,-0.32996810850994446
loading.Global->caged_estoque_ind_transformacao,0.001583732340809984
loading.Employment->caged_estoque_ind_transformacao,-0.36469499276428513
loading.Global->caged_estoque_SIUP,-0.032225433418588516
loading.Employment->caged_estoque_SIUP,-0.2800708237185185
loading.Global->caged_estoque_EG,-0.024942151155821025
loading.Employment->caged_estoque_EG,-0.027790633749151125
loading.Global->caged_estoque_AER,-0.02854222863529877
loading.Employment->caged_estoque_AER,-0.2834205932838946
loading.Global->caged_estoque_construcao,0.01674914220879014
loading.Employment->caged_estoque_construcao,-0.37232189453396813
loading.Global->caged_estoque_comercio,-0.03965307530484956
loading.Employment->caged_estoque_comercio,-0.3510193505626826
loading.Global->caged_estoque_servicos,-0.06385117595089046
loading.Employment->caged_estoque_servicos,-0.3584224597773141
loading.Global->pnadc_salario_real_efetivo,0.02443482212988598
loading.Employment->pnadc_salario_real_efetivo,-0.08921928992107318
loading.Global->pnadc_salario_real_com_carteira,0.03078301884269677
loading.Employment->pnadc_salario_real_com_carteira,0.06228444386680537
loading.Global->pnadc_salario_real_sem_carteira,0.04874525241412326
loading.Employment->pnadc_salario_real_sem_carteira,0.04243088896464565
loading.Global->pnadc_salario_real_setor_privado,0.04263277492636511
loading.Employment->pnadc_salario_real_setor_privado,0.0888705472474351
loading.Global->pnadc_salario_real_setor_publico,0.06430989795416203
loading.Employment->pnadc_salario_real_setor_publico,0.04229841975660542
loading.Global->pnadc_salario_real_conta_propria,0.02207776664166525
loading.Employment->pnadc_salario_real_conta_propria,-0.03569291956858068
loading.Global->pnadc_salario_real_empregadores,0.04441752210235363
loading.Employment->pnadc_salario_real_empregadores,-0.008809261778569064
loading.Global->pnadc_massa_salarial_efetiva,0.011355211853417863
loading.Employment->pnadc_massa_salarial_efetiva,-0.1334378452145074
loading.Global->pnadc_massa_salarial_habitual,-0.023892094090368344
loading.Employment->pnadc_massa_salarial_habitual,-0.19144436263108508
loading.Global->renda_disponivel_familias_restrita,0.054440932031710174
loading.Employment->renda_disponivel_familias_restrita,-0.008884248455872384
loading.Global->tx_desemprego,0.047463847635956735
loading.Employment->tx_desemprego,0.26398161876979437
loading.Global->ipca_alimentacao,-0.0948651397510298
loading.Prices->ipca_alimentacao,-0.17080564823892988
loading.Global->ipca_habitacao,-0.05579064420723894
loading.Prices->ipca_habitacao,-0.034539722829651974
loading.Global->ipca_artigos_resid,-0.07612642207002933
loading.Prices->ipca_artigos_resid,-0.1982033400733506
loading.Global->ipca_vestuario,-0.12542927139218063
loading.Prices->ipca_vestuario,-0.04040080145249644
loading.Global->ipca_transportes,-0.07825206503209797
loading.Prices->ipca_transportes,-0.09849091324090695
loading.Global->ipca_saude,-0.06325651740990772
loading.Prices->ipca_saude,-0.015747311681737305
loading.Global->ipca_despesas_pess,-0.10505713252164287
loading.Prices->ipca_despesas_pess,0.002206401996753565
loading.Global->ipca_educacao,-0.060255164420724316
loading.Prices->ipca_educacao,0.042500036052777565
loading.Global->ipca_comunicacao,-0.03500561440796485
loading.Prices->ipca_comunicacao,-0.08089230324921687
loading.Global->ipca_alim_domicilio,-0.08180843238888715
loading.Prices->ipca_alim_domicilio,-0.17330331443293576
loading.Global->ipca_industriais,-0.12975292873400524
loading.Prices->ipca_industriais,-0.17532003424140885
loading.Global->ipca_servicos,-0.14321351609042973
loading.Prices->ipca_servicos,0.039362924439691555
loading.Global->ipca_administrados,-0.043180638445004
loading.Prices->ipca_administrados,-0.06537842102066246
loading.Global->ipca_livres,-0.16055753002665507
loading.Prices->ipca_livres,-0.1547417205958005
loading.Global->ipca_nao_duraveis,-0.09692997604730723
loading.Prices->ipca_nao_duraveis,-0.18779317832661838
loading.Global->ipca_semi_duraveis,-0.13588475488801577
loading.Prices->ipca_semi_duraveis,-0.061932310167218674
loading.Global->ipca_duraveis,-0.08748766427441151
loading.Prices->ipca_duraveis,-0.17470803265727886
loading.Global->ipca_comercializaveis,-0.11713065563589313
loading.Prices->ipca_comercializaveis,-0.21342135943072107
loading.Global->ipca_nao_comercializaveis,-0.148360083132999
loading.Prices->ipca_nao_comercializaveis,-0.041048807513816545
loading.Global->ipca_EX0,-0.1765420614382917
loading.Prices->ipca_EX0,-0.08030614187880117
loading.Global->ipca_EX1,-0.1499187904266299
loading.Prices->ipca_EX1,-0.0644277277308894
loading.Global->ipca_EX2,-0.16747648557869818
loading.Prices->ipca_EX2,-0.10374767011935389
loading.Global->ipca_EX3,-0.16706283790038812
loading.Prices->ipca_EX3,-0.08953366378778174
loading.Global->ipca_MA,-0.17481209128358227
loading.Prices->ipca_MA,-0.1299197591307659
loading.Global->ipca_MS,-0.1714932531037456
loading.Prices->ipca_MS,-0.1026300341681535
loading.Global->ipca_DP,-0.1749245976227761
loading.Prices->ipca_DP,-0.12663611781797837
loading.Global->ipca_EXFE,-0.16973833721482007
loading.Prices->ipca_EXFE,-0.05065476905735745
loading.Global->ipca_P55,-0.16606208361730365
loading.Prices->ipca_P55,-0.12106175766252462
loading.Global->ipca_difusao,-0.15888589822624266
loading.Prices->ipca_difusao,-0.14703284762596813
loading.Global->ipca_industriais_subjacentes,-0.1377077443234535
loading.Prices->ipca_industriais_subjacentes,-0.11475816383125978
loading.Global->ipca_servicos_subjacentes,-0.1467452881145747
loading.Prices->ipca_servicos_subjacentes,-0.035082524355232424
loading.Global->ipca15,-0.1282979058158887
loading.Prices->ipca15,-0.13667998831122044
loading.Global->igpm,-0.01966238150076689
loading.Prices->igpm,-0.19614118775633538
loading.Global->igpdi,-0.016598586432797977
loading.Prices->igpdi,-0.17553299847011966
loading.Global->ipcbr,-0.09894216091234533
loading.Prices->ipcbr,-0.13656759457638878
loading.Global->incc,-0.059517382849694565
loading.Prices->incc,-0.12366078070392038
loading.Global->ipc_fipe,-0.11849331799098091
loading.Prices->ipc_fipe,-0.17008548621577596
loading.Global->igp10,-0.024755920366473866
loading.Prices->igp10,-0.18694234898985274
loading.Global->ipam,-0.009096440029776031
loading.Prices->ipam,-0.18941269710606481
loading.Global->abras,-0.0018068614903550828
loading.Output->abras,-0.04557495632942047
loading.Global->prod_total_autoveiculos,0.0818130192137448
loading.Output->prod_total_autoveiculos,0.176690440666742
loading.Global->vendas_total_autoveiculos,0.07235847402623016
loading.Output->vendas_total_autoveiculos,0.11782238860608943
loading.Global->vendas_autoveiculos_interno,0.07823388781022471
loading.Output->vendas_autoveiculos_interno,0.08812747497845351
loading.Global->vendas_autoveiculos_externo,0.010028820668486168
loading.Output->vendas_autoveiculos_externo,0.10470693728398024
loading.Global->prod_automoveis_e_comerciais_leves,0.09227076420438689
loading.Output->prod_automoveis_e_comerciais_leves,0.19756111921681088
loading.Global->prod_caminhoes,0.06919833921123462
loading.Output->prod_caminhoes,0.13957922343088752
loading.Global->prod_onibus,0.05110769200385622
loading.Output->prod_onibus,0.1589412005925278
loading.Global->prod_oleo_bruto,0.0015191375895416592
loading.Output->prod_oleo_bruto,-0.015838147592353052
loading.Global->prod_LGN,0.0017709794809418267
loading.Output->prod_LGN,0.022419436308232073
loading.Global->prod_gas_natural,-0.00788806126229767
loading.Output->prod_gas_natural,-0.022935384342419558
loading.Global->consumo_gasolina,0.05265318677365367
loading.Output->consumo_gasolina,0.16651447333308353
loading.Global->consumo_GLP,0.0390921099350723
loading.Output->consumo_GLP,0.18653792128294605
loading.Global->consumo_oleo_combustivel,0.011062157734910198
loading.Output->consumo_oleo_combustivel,0.03763094050121235
loading.Global->consumo_diesel,0.06820372000944128
loading.Output->consumo_diesel,0.21897296880775566
loading.Global->consumo_demais_derivados,-0.026054540253801495
loading.Output->consumo_demais_derivados,0.07681413938323431
loading.Global->consumo_alcool_hidratado,0.03106328449449187
loading.Output->consumo_alcool_hidratado,0.09651619375939582
loading.Global->consumo_alcool_anidro,0.03650313457168944
loading.Output->consumo_alcool_anidro,0.144864071122123
loading.Global->prod_aco_bruto,0.03766116653585005
loading.Output->prod_aco_bruto,0.051377699172366745
loading.Global->desembolso_BNDES_ind_transformacao,-0.006220685027755328
loading.Output->desembolso_BNDES_ind_transformacao,-0.016215057510329648
loading.Global->desembolso_BNDES_comercio_servicos,0.00529041597563824
loading.Output->desembolso_BNDES_comercio_servicos,-0.033199310694516274
loading.Global->desembolso_BNDES_agro,0.009098870639179135
loading.Output->desembolso_BNDES_agro,-0.034160472198869925
loading.Global->desembolso_BNDES_ind_extrativa,0.05154225971851864
loading.Output->desembolso_BNDES_ind_extrativa,-0.15465251972195046
loading.Global->cni_nuci_transformacao,0.07381059740850363
loading.Output->cni_nuci_transformacao,0.13183516835028852
loading.Global->cni_vendas_industriais,0.11798507484389156
loading.Output->cni_vendas_industriais,0.15730104001857692
loading.Global->cni_horas_trabalhadas,0.10995377776732444
loading.Employment->cni_horas_trabalhadas,-0.07502079866686576
loading.Global->cni_salario_industria,0.002471804104200345
loading.Employment->cni_salario_industria,-0.12790949190725384
loading.Global->cni_massa_salarial,0.0024718041042004063
loading.Employment->cni_massa_salarial,-0.1279094919072538
loading.Global->fenabrave_automoveis,0.07617079079512751
loading.Output->fenabrave_automoveis,0.1707290725603574
loading.Global->fenabrave_comerciais_leves,0.07891517693927737
loading.Output->fenabrave_comerciais_leves,0.14162842479732404
loading.Global->fenabrave_caminhoes,0.0747395068496884
loading.Output->fenabrave_caminhoes,0.14222296051133337
loading.Global->fenabrave_onibus,0.04631426904741963
loading.Output->fenabrave_onibus,0.10446559593951955
loading.Global->fgv_nuci,-0.08562968551666181
loading.Output->fgv_nuci,0.06334043894945267
loading.Global->concessoes_PJ_total,0.010429784863596971
loading.Credit->concessoes_PJ_total,0.18713637458135723
loading.Global->concessoes_PF_total,0.04249384033842802
loading.Credit->concessoes_PF_total,0.21963464136848143
loading.Global->concessoes_livres_PJ_total,-0.006273531307235118
loading.Credit->concessoes_livres_PJ_total,0.22361003944745542
loading.Global->concessoes_livres_PJ_capital_giro,-0.0006975635467839362
loading.Credit->concessoes_livres_PJ_capital_giro,0.1359747732416383
loading.Global->concessoes_livres_PF_total,0.037054836208149235
loading.Credit->concessoes_livres_PF_total,0.2150846240757233
loading.Global->concessoes_direcionados_PJ_total,0.02853128810785639
loading.Credit->concessoes_direcionados_PJ_total,-0.033567736477313745
loading.Global->concessoes_direcionados_PF_total,0.020360901132020215
loading.Credit->concessoes_direcionados_PF_total,0.02001122720198761
loading.Global->concessoes_direcionados_credito_rural,-0.0012192666609429814
loading.Credit->concessoes_direcionados_credito_rural,0.01156005349258602
loading.Global->tjlp,-0.026682801767719123
loading.Credit->tjlp,0.05150869110376558
loading.Global->selic_mensal,-0.12531801462489892
loading.Credit->selic_mensal,0.05844136576348069
loading.Global->abcr_trafego_veiculos_pesados,0.1050706263480172
loading.Output->abcr_trafego_veiculos_pesados,0.196072480049308
loading.Global->ivgr,0.03177831253316707
loading.Output->ivgr,0.02058015281666933
loading.Global->mvgr,0.04673502791238625
loading.Output->mvgr,0.01775120870637564
loading.Global->inadimplencia_livres_total,-0.08873810676381416
loading.Credit->inadimplencia_livres_total,-0.04831103189062858
loading.Global->inadimplencia_livres_PJ_total,-0.06631004203870403
loading.Credit->inadimplencia_livres_PJ_total,0.0073679761651722795
loading.Global->inadimplencia_livres_PJ_desconto_de_duplicatas_e_recebiveis,-0.00575565750006623
loading.Credit->inadimplencia_livres_PJ_desconto_de_duplicatas_e_recebiveis,-0.008529082221211895
loading.Global->inadimplencia_livres_PJ_capital_de_giro_total,-0.0514325589638078
loading.Credit->inadimplencia_livres_PJ_capital_de_giro_total,0.07078771890730183
loading.Global->inadimplencia_livres_PJ_aquisicao_de_bens_total,-0.06947137728265732
loading.Credit->inadimplencia_livres_PJ_aquisicao_de_bens_total,-0.021278639497353365
loading.Global->inadimplencia_livres_PJ_arrendamento_mercantil_total,-0.017849236509186198
loading.Credit->inadimplencia_livres_PJ_arrendamento_mercantil_total,-0.06375381685913582
loading.Global->inadimplencia_livres_PJ_cartao_de_credito_total,-0.06363446296991446
loading.Credit->inadimplencia_livres_PJ_cartao_de_credito_total,-0.12626361240203943
loading.Global->inadimplencia_livres_PF_total,-0.07704593833658448
loading.Credit->inadimplencia_livres_PF_total,-0.10123560031254533
loading.Global->inadimplencia_livres_PF_cheque_especial,0.0008534168966187102
loading.Credit->inadimplencia_livres_PF_cheque_especial,-0.06341085303359162
loading.Global->inadimplencia_livres_PF_credito_pessoal_nao_consignado_total,-0.07171960989426454
loading.Credit->inadimplencia_livres_PF_credito_pessoal_nao_consignado_total,-0.05315938124146116
loading.Global->inadimplencia_livres_PF_credito_pessoal_consignado_total,0.03500304370534629
loading.Credit->inadimplencia_livres_PF_credito_pessoal_consignado_total,-0.011665820433980963
loading.Global->inadimplencia_livres_PF_aquisicao_de_bens_total,-0.054157378221762184
loading.Credit->inadimplencia_livres_PF_aquisicao_de_bens_total,-0.08467330661758313
loading.Global->inadimplencia_livres_PF_arrendamento_mercantil_total,0.03171297615193179
loading.Credit->inadimplencia_livres_PF_arrendamento_mercantil_total,-0.023487426614365158
loading.Global->inadimplencia_livres_PF_cartao_de_credito_total,-0.06089278456901326
loading.Credit->inadimplencia_livres_PF_cartao_de_credito_total,-0.17103954223604173
loading.Global->concessoes_livres_total,0.03944006562784222
loading.Credit->concessoes_livres_total,0.3625303809922343
loading.Global->concessoes_livres_PJ_desconto_de_duplicatas_e_recebveis,0.023432264614268214
loading.Credit->concessoes_livres_PJ_desconto_de_duplicatas_e_recebveis,0.1944522965115605
loading.Global->concessoes_livres_PJ_capital_de_giro_total,0.022252036112699627
loading.Credit->concessoes_livres_PJ_capital_de_giro_total,0.15806310392097428
loading.Global->concessoes_livres_PJ_aquisicao_de_bens_total,0.05861198580235772
loading.Credit->concessoes_livres_PJ_aquisicao_de_bens_total,0.26582153003933157
loading.Global->concessoes_livres_PJ_arrendamento_mercantil_total,0.016560197797379828
loading.Credit->concessoes_livres_PJ_arrendamento_mercantil_total,0.01676837484052467
loading.Global->concessoes_livres_PJ_cartao_de_credito_total,0.011474503213527705
loading.Credit->concessoes_livres_PJ_cartao_de_credito_total,0.17154552192479855
loading.Global->concessoes_livres_PF_cheque_especial,0.008148202379066813
loading.Credit->concessoes_livres_PF_cheque_especial,0.3211278257883019
loading.Global->concessoes_livres_PF_credito_pessoal_nao_consignado_total,0.02834020357058292
loading.Credit->concessoes_livres_PF_credito_pessoal_nao_consignado_total,0.24885743262022283
loading.Global->concessoes_livres_PF_credito_pessoal_consignado_total,0.020775360972701617
loading.Credit->concessoes_livres_PF_credito_pessoal_consignado_total,0.21032684239827162
loading.Global->concessoes_livres_PF_aquisicao_de_bens_total,0.0823891522430068
loading.Credit->concessoes_livres_PF_aquisicao_de_bens_total,0.27936092931329853
loading.Global->concessoes_livres_PF_cartao_de_credito_total,0.027827527257116375
loading.Credit->concessoes_livres_PF_cartao_de_credito_total,0.3297546900274407
loading.Global->abate_bovinos,0.050521555705924474
loading.Output->abate_bovinos,0.2048546565819868
loading.Global->abate_suinos,0.044439249742872264
loading.Output->abate_suinos,0.21944389733985745
loading.Global->geracao_energ_hidraulica,0.0385848019275472
loading.Output->geracao_energ_hidraulica,0.08632690291111067
loading.Global->abate_vacas,0.04726102775757438
loading.Output->abate_vacas,0.20389609903125433
loading.Global->abate_novilhos,0.035908676786636465
loading.Output->abate_novilhos,0.1781054034193804
loading.Global->geracao_energ_termica,-0.003516284402484321
loading.Output->geracao_energ_termica,0.026836800461968246
loading.Global->geracao_energ_eolica,-0.020232288475354982
loading.Output->geracao_energ_eolica,-0.04832917664344668
loading.Global->abate_bois,0.049596117963612456
loading.Output->abate_bois,0.1780439403045216
loading.Global->geracao_energ_termonuclear,-0.007191428348957246
loading.Output->geracao_energ_termonuclear,-0.011068504591710427
loading.Global->abate_frangos,0.04675887219260538
loading.Output->abate_frangos,0.21051324047932785
loading.Global->geracao_energ_solar,-0.027685897703333313
loading.Output->geracao_energ_solar,0.0075398061182418465
loading.Global->icc_fgv_sit_atual,0.05967991006167551
loading.Sentiment->icc_fgv_sit_atual,-0.32542578015290297
loading.Global->icc_fgv,0.07880795404174229
loading.Sentiment->icc_fgv,-0.4432636479211882
loading.Global->prod_fertilizante,-0.014195917475235102
loading.Output->prod_fertilizante,0.025517888811909053
loading.Global->icc_fgv_expectativas,0.04805725376741254
loading.Sentiment->icc_fgv_expectativas,-0.4119790582052378
loading.Global->papelao_expedicao,0.06535867275920133
loading.Output->papelao_expedicao,0.21163532952912387
loading.Global->pib,-0.01526906021997975
loading.Output->pib,0.030722706480451067
L1.Global->Global,0.5498254312941668
L1.Output->Global,0.08402298349125394
L1.Employment->Global,0.7088620119278731
L1.Prices->Global,0.14911052159232302
L1.Sentiment->Global,-0.3191642125764758
L1.Credit->Global,-0.19423434237030246
L2.Global->Global,0.18343816606962052
L2.Output->Global,0.008357579014379949
L2.Employment->Global,-0.40765357874565333
L2.Prices->Global,0.17152425146662828
L2.Sentiment->Global,0.4118500049308001
L2.Credit->Global,-0.34913065860452025
L3.Global->Global,0.4502793722301207
L3.Output->Global,-0.05036688993296776
L3.Employment->Global,-0.13100466997324445
L3.Prices->Global,0.06755434862181071
L3.Sentiment->Global,-0.4355502122291731
L3.Credit->Global,-0.41171762859494665
L4.Global->Global,-0.27006476454692946
L4.Output->Global,-0.08072158864614838
L4.Employment->Global,-0.14925319141739024
L4.Prices->Global,-0.20837130921195987
L4.Sentiment->Global,0.10796146760851401
L4.Credit->Global,-0.3140134149500379
L1.Global->Output,-0.20181038429961543
L1.Output->Output,-0.7109221544513218
L1.Employment->Output,-1.439089057012456
L1.Prices->Output,-0.09924305702419789
L1.Sentiment->Output,0.019207832659732405
L1.Credit->Output,-0.4245678965789277
L2.Global->Output,-0.24831429430452398
L2.Output->Output,-0.42325843240677724
L2.Employment->Output,0.2472724621975825
L2.Prices->Output,-0.2993203862984284
L2.Sentiment->Output,0.1294174157752227
L2.Credit->Output,-0.07110985812283478
L3.Global->Output,-0.03598894997554421
L3.Output->Output,0.0779547116326711
L3.Employment->Output,1.3269005016682256
L3.Prices->Output,0.102919432168656
L3.Sentiment->Output,-0.2859118936364527
L3.Credit->Output,0.08469222970277994
L4.Global->Output,-0.20575087616427148
L4.Output->Output,0.13091811458513872
L4.Employment->Output,-0.41461481899583813
L4.Prices->Output,0.11268202501611
L4.Sentiment->Output,-0.0994000238505123
L4.Credit->Output,-0.07807195807812232
L1.Global->Employment,-0.11197638220201186
L1.Output->Employment,-0.06990621565311783
L1.Employment->Employment,0.8613792461680638
L1.Prices->Employment,0.011473133115941964
L1.Sentiment->Employment,0.20277294278737662
L1.Credit->Employment,0.0932377293862636
L2.Global->Employment,0.06611156845920277
L2.Output->Employment,0.0010070520302734604
L2.Employment->Employment,-0.12856607254227437
L2.Prices->Employment,0.10271305358074292
L2.Sentiment->Employment,-0.008443453462185578
L2.Credit->Employment,-0.13585473525726674
L3.Global->Employment,-0.03406009924378419
L3.Output->Employment,-0.030693962449907474
L3.Employment->Employment,-0.2592394462598076
L3.Prices->Employment,-0.032581909881654596
L3.Sentiment->Employment,-0.03661500875533589
L3.Credit->Employment,-0.02105883329187324
L4.Global->Employment,-0.03356787295787786
L4.Output->Employment,-0.10419651380669838
L4.Employment->Employment,0.4124611369977047
L4.Prices->Employment,-0.06182318106679146
L4.Sentiment->Employment,0.061182866525237446
L4.Credit->Employment,0.0882792998298151
L1.Global->Prices,-0.0891539454814706
L1.Output->Prices,-0.07548056132995509
L1.Employment->Prices,-0.21901967998572397
L1.Prices->Prices,0.7131937966365726
L1.Sentiment->Prices,-0.23484818517202471
L1.Credit->Prices,0.02463294980994212
L2.Global->Prices,-0.19042754224882016
L2.Output->Prices,-0.22555138311443904
L2.Employment->Prices,-0.2790554769768762
L2.Prices->Prices,-0.03901760895633385
L2.Sentiment->Prices,-0.22223694159736887
L2.Credit->Prices,-0.08944290706615589
L3.Global->Prices,-0.24691074401721963
L3.Output->Prices,-0.002462934854522586
L3.Employment->Prices,-0.1915672068738326
L3.Prices->Prices,0.0637771614964743
L3.Sentiment->Prices,0.6011261186297526
L3.Credit->Prices,-0.032353893600858254
L4.Global->Prices,0.3025322091974459
L4.Output->Prices,0.03530730432876121
L4.Employment->Prices,0.5763629904050417
L4.Prices->Prices,0.15019154772605556
L4.Sentiment->Prices,-0.49652641372705575
L4.Credit->Prices,0.07961059426379073
L1.Global->Sentiment,-0.1840130656037977
L1.Output->Sentiment,-0.10591957823203146
L1.Employment->Sentiment,0.0833478283852125
L1.Prices->Sentiment,0.05700649137907223
L1.Sentiment->Sentiment,0.5633572616538717
L1.Credit->Sentiment,-0.13981433612725463
L2.Global->Sentiment,-0.005269125541529814
L2.Output->Sentiment,-0.006556119886923282
L2.Employment->Sentiment,-0.44697022326878433
L2.Prices->Sentiment,0.04759222285713529
L2.Sentiment->Sentiment,-0.02335384984391942
L2.Credit->Sentiment,-0.2309569436582866
L3.Global->Sentiment,0.07199893403435528
L3.Output->Sentiment,-0.03850888091749204
L3.Employment->Sentiment,0.07059492326122839
L3.Prices->Sentiment,0.06178327525758334
L3.Sentiment->Sentiment,-0.2975593350859586
L3.Credit->Sentiment,-0.22201571953487176
L4.Global->Sentiment,0.007183969699419653
L4.Output->Sentiment,-0.1041705202289776
L4.Employment->Sentiment,0.1535722170920173
L4.Prices->Sentiment,-0.06258840926394203
L4.Sentiment->Sentiment,0.17788466954990778
L4.Credit->Sentiment,-0.0106051914650943
L1.Global->Credit,-0.16636498419238777
L1.Output->Credit,-0.19010813383187303
L1.Employment->Credit,-1.3806331703917176
L1.Prices->Credit,-0.006380144058497361
L1.Sentiment->Credit,-0.05389139722677448
L1.Credit->Credit,-0.6840989403926432
L2.Global->Credit,-0.06064598495402209
L2.Output->Credit,-0.2309443047735898
L2.Employment->Credit,0.43676323883582324
L2.Prices->Credit,-0.04038514821107299
L2.Sentiment->Credit,0.2637493264640626
L2.Credit->Credit,-0.35504165828707873
L3.Global->Credit,-0.06869907916107316
L3.Output->Credit,-0.12905688783925268
L3.Employment->Credit,0.2040945118648834
L3.Prices->Credit,-0.016276507980807153
L3.Sentiment->Credit,-0.0914194667335113
L3.Credit->Credit,0.05874038553646412
L4.Global->Credit,-0.09095407963137463
L4.Output->Credit,0.013343367048301136
L4.Employment->Credit,0.31796064039306293
L4.Prices->Credit,0.03670006128015112
L4.Sentiment->Credit,-0.06108292305840006
L4.Credit->Credit,-0.06714976165727594
"fb(0).cov.chol[1,1]",1.9030798290765318
"fb(0).cov.chol[2,1]",0.12082662926025303
"fb(0).cov.chol[2,2]",2.2023671871868866
"fb(0).cov.chol[3,1]",-0.08721164449798002
"fb(0).cov.chol[3,2]",-0.37500181523931453
"fb(0).cov.chol[3,3]",0.8600212843619702
"fb(0).cov.chol[4,1]",-0.5402234296697861
"fb(0).cov.chol[4,2]",-0.25776223409554744
"fb(0).cov.chol[4,3]",0.425699016701242
"fb(0).cov.chol[4,4]",2.188535800907103
"fb(0).cov.chol[5,1]",0.1577862351215781
"fb(0).cov.chol[5,2]",-0.08649710943675643
"fb(0).cov.chol[5,3]",0.5754835093230634
"fb(0).cov.chol[5,4]",-0.009347009154958785
"fb(0).cov.chol[5,5]",1.0627270867189895
"fb(0).cov.chol[6,1]",-0.3519824103905796
"fb(0).cov.chol[6,2]",0.2880922070088448
"fb(0).cov.chol[6,3]",-0.022157656152242338
"fb(0).cov.chol[6,4]",0.16585800656028618
"fb(0).cov.chol[6,5]",-0.1839531095897556
"fb(0).cov.chol[6,6]",1.2918452008534997
L1.eps_M.pim_industria_extrativa,-0.15540830281773338
L1.eps_M.pim_industria_transformacao,-0.24856439079095657
L1.eps_M.pim_bens_capital,-0.3912313646783866
L1.eps_M.pim_bens_intermediarios,-0.18548128480950277
L1.eps_M.pim_bens_consumo,-0.22145625248079093
L1.eps_M.pim_bens_duraveis,-0.32492773386628593
L1.eps_M.pim_bens_semi_e_nao_duraveis,-0.12486411158468554
L1.eps_M.pim_insumo_constr_civil,-0.33294037589983316
L1.eps_M.cons_energ_comercial,-0.28943697547534236
L1.eps_M.cons_energ_residencial,-0.39572800394279495
L1.eps_M.cons_energ_industrial,-0.33849981233211307
L1.eps_M.cons_energ_outros,-0.19226561341756604
L1.eps_M.pmc_combustiveis,0.05212939514944504
L1.eps_M.pmc_hiper_supermercados,-0.18657246578865078
L1.eps_M.pmc_vestuário,-0.2591047896505781
L1.eps_M.pmc_moveis_eletrodomesticos,-0.3480521923468006
L1.eps_M.pmc_automoveis,-0.43318751520513643
L1.eps_M.pmc_farmaceuticos,-0.09246328989391746
L1.eps_M.pmc_livros_jornais,-0.3347736048844332
L1.eps_M.pmc_eqp_material_escritorio,-0.2417408233388645
L1.eps_M.pmc_outros_pessoal,-0.2748544829001069
L1.eps_M.pmc_material_construcao,-0.36517414595629405
L1.eps_M.pmc_comercio_ampliado,-0.37263819299865647
L1.eps_M.ibcbr_agro,0.12730855063266602
L1.eps_M.ibcbr_ind,-0.20239897513731733
L1.eps_M.ibcbr_servicos,-0.06954752232704675
L1.eps_M.icc_fecomercio,-0.04687235007546186
L1.eps_M.icea_fecomercio,-0.06260630769131617
L1.eps_M.ief_fecomercio,0.9385683314920122
L1.eps_M.ics_fgv,-0.2266216111218735
L1.eps_M.isas_fgv,-0.17568222187059787
L1.eps_M.ies_fgv,-0.2740333944795805
L1.eps_M.caged_estoque_agro,0.48518913853285184
L1.eps_M.caged_estoque_ind_extrativa,0.6218796143180433
L1.eps_M.caged_estoque_ind_transformacao,0.681153731812423
L1.eps_M.caged_estoque_SIUP,0.12569031874835043
L1.eps_M.caged_estoque_EG,0.5075280782771369
L1.eps_M.caged_estoque_AER,0.12252688432882743
L1.eps_M.caged_estoque_construcao,0.6927361955381987
L1.eps_M.caged_estoque_comercio,0.5387475990168278
L1.eps_M.caged_estoque_servicos,0.3036041276933531
L1.eps_M.pnadc_salario_real_efetivo,0.3297006300590314
L1.eps_M.pnadc_salario_real_com_carteira,0.36480839480527455
L1.eps_M.pnadc_salario_real_sem_carteira,0.07253110204719272
L1.eps_M.pnadc_salario_real_setor_privado,0.3555457779207932
L1.eps_M.pnadc_salario_real_setor_publico,0.24224028039949697
L1.eps_M.pnadc_salario_real_conta_propria,0.02909465733272709
L1.eps_M.pnadc_salario_real_empregadores,-0.005988952348365884
L1.eps_M.pnadc_massa_salarial_efetiva,0.28639002313355844
L1.eps_M.pnadc_massa_salarial_habitual,0.3295586441128434
L1.eps_M.renda_disponivel_familias_restrita,0.42219211964195286
L1.eps_M.tx_desemprego,0.2534131585813568
L1.eps_M.ipca_alimentacao,0.4264663648695571
L1.eps_M.ipca_habitacao,-0.11034055455298854
L1.eps_M.ipca_artigos_resid,0.2844907959725395
L1.eps_M.ipca_vestuario,0.31935448434367986
L1.eps_M.ipca_transportes,0.3720247662770844
L1.eps_M.ipca_saude,0.0962707997131934
L1.eps_M.ipca_despesas_pess,0.07401199035098432
L1.eps_M.ipca_educacao,0.06969324143265584
L1.eps_M.ipca_comunicacao,0.11531950093739937
L1.eps_M.ipca_alim_domicilio,0.40250442449577034
L1.eps_M.ipca_industriais,0.30201738193845235
L1.eps_M.ipca_servicos,0.13982057466572193
L1.eps_M.ipca_administrados,0.1833083294184519
L1.eps_M.ipca_livres,0.2727729658759609
L1.eps_M.ipca_nao_duraveis,0.3177769130527215
L1.eps_M.ipca_semi_duraveis,0.29777680938634166
L1.eps_M.ipca_duraveis,0.32038041086094066
L1.eps_M.ipca_comercializaveis,0.31179282400835867
L1.eps_M.ipca_nao_comercializaveis,0.3091655563863527
L1.eps_M.ipca_EX0,0.03292614462842926
L1.eps_M.ipca_EX1,-0.10494749011784234
L1.eps_M.ipca_EX2,0.4590230929452594
L1.eps_M.ipca_EX3,0.3293531935942698
L1.eps_M.ipca_MA,0.19148417794101555
L1.eps_M.ipca_MS,0.6619547474149777
L1.eps_M.ipca_DP,0.2449468477313724
L1.eps_M.ipca_EXFE,0.11621907093361541
L1.eps_M.ipca_P55,0.14499607647473475
L1.eps_M.ipca_difusao,0.2915966565830416
L1.eps_M.ipca_industriais_subjacentes,0.1197418968810904
L1.eps_M.ipca_servicos_subjacentes,0.3612079861927338
L1.eps_M.ipca15,0.17150808886571578
L1.eps_M.igpm,0.448970222092835
L1.eps_M.igpdi,0.2317171639292995
L1.eps_M.ipcbr,0.10325623984155399
L1.eps_M.incc,0.14608348796441348
L1.eps_M.ipc_fipe,0.21009768699383358
L1.eps_M.igp10,0.27720416071856424
L1.eps_M.ipam,0.43340880716428615
L1.eps_M.abras,-0.21855207500078477
L1.eps_M.prod_total_autoveiculos,-0.2709976294804181
L1.eps_M.vendas_total_autoveiculos,-0.41610271271895866
L1.eps_M.vendas_autoveiculos_interno,-0.339042604014125
L1.eps_M.vendas_autoveiculos_externo,-0.4323178942012938
L1.eps_M.prod_automoveis_e_comerciais_leves,-0.3128881290827652
L1.eps_M.prod_caminhoes,-0.38028064452767874
L1.eps_M.prod_onibus,-0.23095052476097788
L1.eps_M.prod_oleo_bruto,-0.29104955739721755
L1.eps_M.prod_LGN,-0.3222824600498449
L1.eps_M.prod_gas_natural,-0.30077829551989405
L1.eps_M.consumo_gasolina,-0.23899439853721577
L1.eps_M.consumo_GLP,-0.3474697859737639
L1.eps_M.consumo_oleo_combustivel,-0.07433303845344912
L1.eps_M.consumo_diesel,-0.27289348711856837
L1.eps_M.consumo_demais_derivados,0.22941206817830856
L1.eps_M.consumo_alcool_hidratado,0.014930561528676115
L1.eps_M.consumo_alcool_anidro,-0.41111039987124165
L1.eps_M.prod_aco_bruto,-0.3216498123184912
L1.eps_M.desembolso_BNDES_ind_transformacao,0.2574531508695271
L1.eps_M.desembolso_BNDES_comercio_servicos,0.15698694305645408
L1.eps_M.desembolso_BNDES_agro,0.08878233548744546
L1.eps_M.desembolso_BNDES_ind_extrativa,0.03352616993688216
L1.eps_M.cni_nuci_transformacao,-0.4237053145564786
L1.eps_M.cni_vendas_industriais,-0.08058574879342556
L1.eps_M.cni_horas_trabalhadas,-0.13262772891508484
L1.eps_M.cni_salario_industria,-0.4278389218892493
L1.eps_M.cni_massa_salarial,-0.4278389218892496
L1.eps_M.fenabrave_automoveis,-0.37071906819006367
L1.eps_M.fenabrave_comerciais_leves,-0.45624116719461505
L1.eps_M.fenabrave_caminhoes,-0.18780023955439995
L1.eps_M.fenabrave_onibus,-0.29632197003493616
L1.eps_M.fgv_nuci,0.8057806673315642
L1.eps_M.concessoes_PJ_total,-0.32182327463724425
L1.eps_M.concessoes_PF_total,-0.24896805160028587
L1.eps_M.concessoes_livres_PJ_total,-0.2050312563305717
L1.eps_M.concessoes_livres_PJ_capital_giro,-0.29780257123253573
L1.eps_M.concessoes_livres_PF_total,-0.2228245093713204
L1.eps_M.concessoes_direcionados_PJ_total,-0.3784077713033384
L1.eps_M.concessoes_direcionados_PF_total,-0.19591850642678105
L1.eps_M.concessoes_direcionados_credito_rural,-0.21281510356208788
L1.eps_M.tjlp,0.013632493020160258
L1.eps_M.selic_mensal,0.6292370845631361
L1.eps_M.abcr_trafego_veiculos_pesados,-0.4114978118282097
L1.eps_M.ivgr,0.9749158665002051
L1.eps_M.mvgr,0.14805237601669333
L1.eps_M.inadimplencia_livres_total,0.24981486828304034
L1.eps_M.inadimplencia_livres_PJ_total,0.05582383439926931
L1.eps_M.inadimplencia_livres_PJ_desconto_de_duplicatas_e_recebiveis,-0.00010851661730163731
L1.eps_M.inadimplencia_livres_PJ_capital_de_giro_total,-0.072502803735909
L1.eps_M.inadimplencia_livres_PJ_aquisicao_de_bens_total,0.3854068124404934
L1.eps_M.inadimplencia_livres_PJ_arrendamento_mercantil_total,0.001132141398216647
L1.eps_M.inadimplencia_livres_PJ_cartao_de_credito_total,-0.2369949120192726
L1.eps_M.inadimplencia_livres_PF_total,0.4568885417294508
L1.eps_M.inadimplencia_livres_PF_cheque_especial,-0.16494534693869653
L1.eps_M.inadimplencia_livres_PF_credito_pessoal_nao_consignado_total,0.21169919344978694
L1.eps_M.inadimplencia_livres_PF_credito_pessoal_consignado_total,-0.03978061961972807
L1.eps_M.inadimplencia_livres_PF_aquisicao_de_bens_total,0.4348357605210825
L1.eps_M.inadimplencia_livres_PF_arrendamento_mercantil_total,0.02765147219272345
L1.eps_M.inadimplencia_livres_PF_cartao_de_credito_total,0.4566292421992353
L1.eps_M.concessoes_livres_total,-0.37613605636766545
L1.eps_M.concessoes_livres_PJ_desconto_de_duplicatas_e_recebveis,-0.291360753994547
L1.eps_M.concessoes_livres_PJ_capital_de_giro_total,-0.25835415248763377
L1.eps_M.concessoes_livres_PJ_aquisicao_de_bens_total,-0.2759765117211596
L1.eps_M.concessoes_livres_PJ_arrendamento_mercantil_total,-0.48725501528252524
L1.eps_M.concessoes_livres_PJ_cartao_de_credito_total,-0.28475828357601957
L1.eps_M.concessoes_livres_PF_cheque_especial,-0.5031619422766306
L1.eps_M.concessoes_livres_PF_credito_pessoal_nao_consignado_total,-0.33193317543862366
L1.eps_M.concessoes_livres_PF_credito_pessoal_consignado_total,-0.17013462594504503
L1.eps_M.concessoes_livres_PF_aquisicao_de_bens_total,-0.07268693257231806
L1.eps_M.concessoes_livres_PF_cartao_de_credito_total,-0.3150713543641391
L1.eps_M.abate_bovinos,-0.23958191162892417
L1.eps_M.abate_suinos,-0.2069265953560627
L1.eps_M.geracao_energ_hidraulica,-0.1900082020979211
L1.eps_M.abate_vacas,-0.23139029393248872
L1.eps_M.abate_novilhos,-0.19355638113055101
L1.eps_M.geracao_energ_termica,0.03976913475346576
L1.eps_M.geracao_energ_eolica,-0.24739866828113466
L1.eps_M.abate_bois,-0.24934763711202315
L1.eps_M.geracao_energ_termonuclear,0.014084566813496974
L1.eps_M.abate_frangos,-0.29621332707202314
L1.eps_M.geracao_energ_solar,0.20908813525248562
L1.eps_M.icc_fgv_sit_atual,-0.09316041786870245
L1.eps_M.icc_fgv,-0.5330528541938925
L1.eps_M.prod_fertilizante,-0.16732506183097234
L1.eps_M.icc_fgv_expectativas,-0.37051494117040845
L1.eps_M.papelao_expedicao,-0.21987470153540534
L1.eps_M.pib,-0.21521013180625587
sigma2.pim_industria_extrativa,0.9533428673376336
sigma2.pim_industria_transformacao,0.595828231056223
sigma2.pim_bens_capital,0.4996663548267623
sigma2.pim_bens_intermediarios,0.7852635764366493
sigma2.pim_bens_consumo,0.6049061647761816
sigma2.pim_bens_duraveis,0.5136609881365405
sigma2.pim_bens_semi_e_nao_duraveis,0.7116671232379045
sigma2.pim_insumo_constr_civil,0.4867528308332307
sigma2.cons_energ_comercial,0.857564827910903
sigma2.cons_energ_residencial,0.8064820097548727
sigma2.cons_energ_industrial,0.7586908451822437
sigma2.cons_energ_outros,0.9469594267249111
sigma2.pmc_combustiveis,0.8500066378634257
sigma2.pmc_hiper_supermercados,0.8291437831346837
sigma2.pmc_vestuário,0.8882839659276114
sigma2.pmc_moveis_eletrodomesticos,0.8279965882942492
sigma2.pmc_automoveis,0.5749928814935206
sigma2.pmc_farmaceuticos,0.8769794891592453
sigma2.pmc_livros_jornais,0.8459237422889094
sigma2.pmc_eqp_material_escritorio,0.8061862169571676
sigma2.pmc_outros_pessoal,0.853581002614242
sigma2.pmc_material_construcao,0.5517039284497298
sigma2.pmc_comercio_ampliado,0.5974643673856809
sigma2.ibcbr_agro,0.8156215895254803
sigma2.ibcbr_ind,0.7689870538192858
sigma2.ibcbr_servicos,0.7281450926625659
sigma2.icc_fecomercio,0.8550868879233
sigma2.icea_fecomercio,0.9348784913080234
sigma2.ief_fecomercio,0.09653075859107604
sigma2.ics_fgv,0.3797290112029882
sigma2.isas_fgv,0.5119971983733023
sigma2.ies_fgv,0.4975729287832538
sigma2.caged_estoque_agro,0.6654735319142798
sigma2.caged_estoque_ind_extrativa,0.17696251743039212
sigma2.caged_estoque_ind_transformacao,0.09359269487858139
sigma2.caged_estoque_SIUP,0.5662212879784995
sigma2.caged_estoque_EG,0.7395307795792236
sigma2.caged_estoque_AER,0.5502742181550523
sigma2.caged_estoque_construcao,0.06682057067759938
sigma2.caged_estoque_comercio,0.16021940893048583
sigma2.caged_estoque_servicos,0.11362798929150827
sigma2.pnadc_salario_real_efetivo,0.8699895490908969
sigma2.pnadc_salario_real_com_carteira,0.8447374386134415
sigma2.pnadc_salario_real_sem_carteira,0.9569943455005704
sigma2.pnadc_salario_real_setor_privado,0.8140221297600407
sigma2.pnadc_salario_real_setor_publico,0.8888533854697944
sigma2.pnadc_salario_real_conta_propria,0.9887490129730084
sigma2.pnadc_salario_real_empregadores,0.9656680858361765
sigma2.pnadc_massa_salarial_efetiva,0.8612784966024927
sigma2.pnadc_massa_salarial_habitual,0.6558341888460345
sigma2.renda_disponivel_familias_restrita,0.8182350237033316
sigma2.tx_desemprego,0.4760525115609172
sigma2.ipca_alimentacao,0.3652724394683085
sigma2.ipca_habitacao,0.8981886424125777
sigma2.ipca_artigos_resid,0.4848095156506372
sigma2.ipca_vestuario,0.5167383674886711
sigma2.ipca_transportes,0.6712341768929095
sigma2.ipca_saude,0.8337080576580688
sigma2.ipca_despesas_pess,0.6851290745157275
sigma2.ipca_educacao,0.9000550492761036
sigma2.ipca_comunicacao,0.8830454802936839
sigma2.ipca_alim_domicilio,0.3943824371707256
sigma2.ipca_industriais,0.29994768596395566
sigma2.ipca_servicos,0.49450507607117783
sigma2.ipca_administrados,0.8928900319533555
sigma2.ipca_livres,0.18577144268350565
sigma2.ipca_nao_duraveis,0.3296292534175465
sigma2.ipca_semi_duraveis,0.45508115726080967
sigma2.ipca_duraveis,0.4738548434390727
sigma2.ipca_comercializaveis,0.17688644193617262
sigma2.ipca_nao_comercializaveis,0.48872097506868695
sigma2.ipca_EX0,0.21721205625645948
sigma2.ipca_EX1,0.4023397389404979
sigma2.ipca_EX2,0.15287746310856845
sigma2.ipca_EX3,0.19177206636000146
sigma2.ipca_MA,0.09808895745387408
sigma2.ipca_MS,0.08558629499761
sigma2.ipca_DP,0.11265072499703782
sigma2.ipca_EXFE,0.243546211361175
sigma2.ipca_P55,0.17493260970838068
sigma2.ipca_difusao,0.18667503947521466
sigma2.ipca_industriais_subjacentes,0.42512093484581565
sigma2.ipca_servicos_subjacentes,0.32834793774518173
sigma2.ipca15,0.438147683578719
sigma2.igpm,0.26162173092247687
sigma2.igpdi,0.3947472170915556
sigma2.ipcbr,0.602204315863176
sigma2.incc,0.7370850726404066
sigma2.ipc_fipe,0.3527446427468589
sigma2.igp10,0.36116961935186925
sigma2.ipam,0.2805247905148298
sigma2.abras,0.8874355349032975
sigma2.prod_total_autoveiculos,0.5429179907086293
sigma2.vendas_total_autoveiculos,0.6706177866555098
sigma2.vendas_autoveiculos_interno,0.7305752398363493
sigma2.vendas_autoveiculos_externo,0.7645337502826621
sigma2.prod_automoveis_e_comerciais_leves,0.4265848460747811
sigma2.prod_caminhoes,0.5396745404353847
sigma2.prod_onibus,0.6235515510946554
sigma2.prod_oleo_bruto,0.9166600682992979
sigma2.prod_LGN,0.8872914383783976
sigma2.prod_gas_natural,0.9062477720870202
sigma2.consumo_gasolina,0.6031878706096467
sigma2.consumo_GLP,0.4580548433938633
sigma2.consumo_oleo_combustivel,0.9774462756969835
sigma2.consumo_diesel,0.2871281717524237
sigma2.consumo_demais_derivados,0.9039168709445645
sigma2.consumo_alcool_hidratado,0.8600396732842409
sigma2.consumo_alcool_anidro,0.615009829941966
sigma2.prod_aco_bruto,0.8363146335412551
sigma2.desembolso_BNDES_ind_transformacao,0.9375632686005209
sigma2.desembolso_BNDES_comercio_servicos,0.9051368404006411
sigma2.desembolso_BNDES_agro,0.9555014490340727
sigma2.desembolso_BNDES_ind_extrativa,0.8952456792662058
sigma2.cni_nuci_transformacao,0.5526608742304955
sigma2.cni_vendas_industriais,0.47484432007873595
sigma2.cni_horas_trabalhadas,0.8001192093733038
sigma2.cni_salario_industria,0.7543751959895308
sigma2.cni_massa_salarial,0.7543751959895304
sigma2.fenabrave_automoveis,0.5453588072558991
sigma2.fenabrave_comerciais_leves,0.5308032170678892
sigma2.fenabrave_caminhoes,0.6522989762248279
sigma2.fenabrave_onibus,0.7690441382002084
sigma2.fgv_nuci,0.28248017265006375
sigma2.concessoes_PJ_total,0.7633979969681062
sigma2.concessoes_PF_total,0.7587364443702416
sigma2.concessoes_livres_PJ_total,0.761048054187159
sigma2.concessoes_livres_PJ_capital_giro,0.8690992753222406
sigma2.concessoes_livres_PF_total,0.8043520942125625
sigma2.concessoes_direcionados_PJ_total,0.8429219566239273
sigma2.concessoes_direcionados_PF_total,0.8938237169798257
sigma2.concessoes_direcionados_credito_rural,0.9588229281272477
sigma2.tjlp,0.9565128291341135
sigma2.selic_mensal,0.4368381502923274
sigma2.abcr_trafego_veiculos_pesados,0.3729112939974693
sigma2.ivgr,0.025706341511282434
sigma2.mvgr,0.9445819198613797
sigma2.inadimplencia_livres_total,0.6988119741295346
sigma2.inadimplencia_livres_PJ_total,0.8387421660207905
sigma2.inadimplencia_livres_PJ_desconto_de_duplicatas_e_recebiveis,0.9907249307605197
sigma2.inadimplencia_livres_PJ_capital_de_giro_total,0.8589262346467753
sigma2.inadimplencia_livres_PJ_aquisicao_de_bens_total,0.7615197904277662
sigma2.inadimplencia_livres_PJ_arrendamento_mercantil_total,0.9728265460892075
sigma2.inadimplencia_livres_PJ_cartao_de_credito_total,0.8018697891868961
sigma2.inadimplencia_livres_PF_total,0.6252383703279042
sigma2.inadimplencia_livres_PF_cheque_especial,0.9794882117935261
sigma2.inadimplencia_livres_PF_credito_pessoal_nao_consignado_total,0.8187079621810948
sigma2.inadimplencia_livres_PF_credito_pessoal_consignado_total,0.9396319550490766
sigma2.inadimplencia_livres_PF_aquisicao_de_bens_total,0.7245914022288962
sigma2.inadimplencia_livres_PF_arrendamento_mercantil_total,0.9512931784938213
sigma2.inadimplencia_livres_PF_cartao_de_credito_total,0.6023794465446962
sigma2.concessoes_livres_total,0.08310384121953696
sigma2.concessoes_livres_PJ_desconto_de_duplicatas_e_recebveis,0.7080328967800952
sigma2.concessoes_livres_PJ_capital_de_giro_total,0.7958861847567911
sigma2.concessoes_livres_PJ_aquisicao_de_bens_total,0.48710852969068935
sigma2.concessoes_livres_PJ_arrendamento_mercantil_total,0.7616293476413282
sigma2.concessoes_livres_PJ_cartao_de_credito_total,0.7768901814292197
sigma2.concessoes_livres_PF_cheque_especial,0.22864304317567263
sigma2.concessoes_livres_PF_credito_pessoal_nao_consignado_total,0.5369085517606699
sigma2.concessoes_livres_PF_credito_pessoal_consignado_total,0.7390078528823467
sigma2.concessoes_livres_PF_aquisicao_de_bens_total,0.3747740114926012
sigma2.concessoes_livres_PF_cartao_de_credito_total,0.3021906822739362
sigma2.abate_bovinos,0.39801007951867046
sigma2.abate_suinos,0.3347671680597501
sigma2.geracao_energ_hidraulica,0.8606479773976788
sigma2.abate_vacas,0.4008306863409232
sigma2.abate_novilhos,0.5518262810154593
sigma2.geracao_energ_termica,0.9337768915352073
sigma2.geracao_energ_eolica,0.9104219148641497
sigma2.abate_bois,0.5175080798910467
sigma2.geracao_energ_termonuclear,0.9982113465988443
sigma2.abate_frangos,0.36897995800831873
sigma2.geracao_energ_solar,0.9353929495087708
sigma2.icc_fgv_sit_atual,0.5477163058932366
sigma2.icc_fgv,0.20297930305836911
sigma2.prod_fertilizante,0.971179591176184
sigma2.icc_fgv_expectativas,0.33122196408252313
sigma2.papelao_expedicao,0.40214863976667126
sigma2.pib,0.9447123758586655
